file,species
148bbda66.png,Charlock
44e8b8833.png,Small-flowered Cranesbill
ace8761dd.png,Fat Hen
fadc6adbc.png,Charlock
cbe761896.png,Charlock
02cfeb38d.png,Loose Silky-bent
6ba4ef411.png,Cleavers
a8da9c08d.png,Small-flowered Cranesbill
3bbef3ecb.png,Fat Hen
8a30b2de3.png,Sugar beet
4f83143e1.png,Maize
4c7838de4.png,Loose Silky-bent
a55d26a4c.png,Common Chickweed
593896f83.png,Sugar beet
770a265f5.png,Cleavers
060f1dc84.png,Cleavers
d5f7dd60a.png,Fat Hen
8f523520c.png,Shepherds Purse
b3e08b037.png,Fat Hen
a9d2eab61.png,Loose Silky-bent
7506c0c02.png,Scentless Mayweed
7f46a71db.png,Sugar beet
11d3f68ff.png,Loose Silky-bent
64fe8beb9.png,Sugar beet
37297a64c.png,Common Chickweed
a0b393945.png,Small-flowered Cranesbill
03566743d.png,Shepherds Purse
cd5f0db1c.png,Small-flowered Cranesbill
446f7da01.png,Fat Hen
cec5bf198.png,Fat Hen
410e6f702.png,Small-flowered Cranesbill
270b939cf.png,Fat Hen
ef9676433.png,Charlock
6edc76e7c.png,Small-flowered Cranesbill
20817c846.png,Scentless Mayweed
48d97c645.png,Cleavers
23bc8ec4f.png,Common Chickweed
fdea6b119.png,Loose Silky-bent
851c90831.png,Black-grass
d6d80a321.png,Shepherds Purse
71b232519.png,Loose Silky-bent
b29339405.png,Black-grass
0c5f6c493.png,Loose Silky-bent
cf46d09c5.png,Common Chickweed
f48916a8c.png,Fat Hen
20e562fd5.png,Sugar beet
e84464f5a.png,Small-flowered Cranesbill
0751c0bbc.png,Sugar beet
a83820a2c.png,Sugar beet
e52493d0b.png,Sugar beet
8e2e5604e.png,Fat Hen
c0d9e170b.png,Small-flowered Cranesbill
ab35453cb.png,Cleavers
2dd5cfba9.png,Small-flowered Cranesbill
976e4e079.png,Common Chickweed
0c45ace27.png,Fat Hen
ef74dbcad.png,Sugar beet
e88bf0db9.png,Small-flowered Cranesbill
7d22abf91.png,Common wheat
59b2c6f2b.png,Common Chickweed
78b1bf91a.png,Sugar beet
6dd095129.png,Common Chickweed
f4021df6c.png,Scentless Mayweed
f593c9cf0.png,Sugar beet
e98e5d1d5.png,Loose Silky-bent
8303b27ed.png,Loose Silky-bent
03e322a29.png,Sugar beet
c5e419015.png,Sugar beet
126a71ce0.png,Charlock
24a058589.png,Charlock
b7ad92859.png,Shepherds Purse
0086a6340.png,Scentless Mayweed
e82017baa.png,Loose Silky-bent
6df8e31ea.png,Small-flowered Cranesbill
82b5f4d33.png,Shepherds Purse
2126dc71b.png,Fat Hen
0dba99002.png,Fat Hen
659412b1a.png,Common wheat
a1da8be3c.png,Charlock
5bd71f445.png,Sugar beet
31fcdc161.png,Maize
5779fe8b4.png,Fat Hen
fda0b5c38.png,Common wheat
a544fc46d.png,Scentless Mayweed
9aa5587fe.png,Black-grass
604dd663f.png,Shepherds Purse
df7cb5f87.png,Common wheat
33748968f.png,Cleavers
5883b423d.png,Common wheat
30ad31220.png,Charlock
55920f07f.png,Maize
288564c76.png,Sugar beet
24d78df74.png,Fat Hen
5bc6595f6.png,Maize
1cfd91582.png,Charlock
54c8bb900.png,Charlock
bea23d9f8.png,Scentless Mayweed
85431c075.png,Loose Silky-bent
39858776a.png,Cleavers
2df78338c.png,Sugar beet
a935ca110.png,Loose Silky-bent
ede6b84b4.png,Cleavers
a4b61a4ea.png,Loose Silky-bent
26852751a.png,Small-flowered Cranesbill
0bf7bfb05.png,Loose Silky-bent
d14aa43f3.png,Small-flowered Cranesbill
55251925f.png,Fat Hen
29bab7cad.png,Sugar beet
86f08e6d1.png,Fat Hen
4bbfd1e05.png,Small-flowered Cranesbill
35ebe165c.png,Loose Silky-bent
9c8b08a24.png,Loose Silky-bent
bfab3e3d0.png,Fat Hen
043449b0b.png,Sugar beet
9643fc5f4.png,Charlock
6d6eb3830.png,Shepherds Purse
5bbc0a255.png,Common Chickweed
a3d0031fd.png,Common wheat
780defa2e.png,Common Chickweed
42e7ed442.png,Shepherds Purse
77ccb8b2a.png,Small-flowered Cranesbill
47f9e5d91.png,Common Chickweed
0fb233ad6.png,Small-flowered Cranesbill
b6a3f7876.png,Sugar beet
2406d6c99.png,Fat Hen
808578ed5.png,Cleavers
780bd2a2c.png,Sugar beet
d09d24c58.png,Black-grass
0625f063b.png,Sugar beet
0ad9e7dfb.png,Cleavers
b4f7c9214.png,Black-grass
0ebf8f2f4.png,Maize
258b1183c.png,Maize
721be0a4a.png,Loose Silky-bent
f23faf9c1.png,Loose Silky-bent
3da774107.png,Sugar beet
f33e9d918.png,Fat Hen
8585f9718.png,Loose Silky-bent
6680836dd.png,Sugar beet
c5e88cd42.png,Common Chickweed
16467a950.png,Common wheat
96f14d90c.png,Sugar beet
3eebd36c6.png,Charlock
d8f4923f8.png,Common Chickweed
88d8a4508.png,Scentless Mayweed
ce42adffb.png,Loose Silky-bent
e5064f6be.png,Common Chickweed
1f3f44563.png,Maize
699d3c707.png,Sugar beet
32b42c120.png,Small-flowered Cranesbill
8a8d6c712.png,Cleavers
92292055d.png,Common Chickweed
4c8005bbc.png,Black-grass
5817b766d.png,Shepherds Purse
05341a8a6.png,Common wheat
391dcd7fd.png,Loose Silky-bent
aaf4da98f.png,Sugar beet
b145ba9d4.png,Common Chickweed
c6c8d4ba0.png,Loose Silky-bent
9a3f20121.png,Black-grass
dfb1d9012.png,Black-grass
1926e82fd.png,Common wheat
b6f3d8b5d.png,Fat Hen
86c309150.png,Fat Hen
20f983a71.png,Fat Hen
6a47821f9.png,Loose Silky-bent
2f0004a7f.png,Loose Silky-bent
29f49cd0b.png,Fat Hen
e3f50adfc.png,Cleavers
4e9d3765f.png,Charlock
1b6a6494d.png,Fat Hen
754b1adf8.png,Small-flowered Cranesbill
958bb9e96.png,Charlock
f4ad9d950.png,Common Chickweed
fc6f686fb.png,Fat Hen
2a5064f19.png,Loose Silky-bent
b31292706.png,Common Chickweed
856f2910a.png,Small-flowered Cranesbill
ce3d280eb.png,Sugar beet
f0ffa00bd.png,Fat Hen
97844bfd5.png,Sugar beet
060450d79.png,Fat Hen
4e1190d78.png,Loose Silky-bent
9c32a797e.png,Common wheat
5ca2687a4.png,Maize
fea355851.png,Loose Silky-bent
a006a475c.png,Sugar beet
338c7e907.png,Charlock
87608f7aa.png,Charlock
6bce55e05.png,Cleavers
7b21ba6ba.png,Fat Hen
ad12382d4.png,Common wheat
ae90f2827.png,Sugar beet
187668bde.png,Scentless Mayweed
f8318faf1.png,Scentless Mayweed
98da6ef4e.png,Fat Hen
f4e7733d4.png,Cleavers
466bb6d3b.png,Maize
8e3ed0a25.png,Small-flowered Cranesbill
dd9f36df7.png,Small-flowered Cranesbill
b4c3df835.png,Sugar beet
3efa1f66c.png,Loose Silky-bent
bffc08672.png,Cleavers
e19ad6ac9.png,Small-flowered Cranesbill
59c6a9f95.png,Cleavers
bebcaab66.png,Sugar beet
17a78fb44.png,Loose Silky-bent
e9cd91682.png,Common Chickweed
17529c555.png,Shepherds Purse
c7ae30f3a.png,Sugar beet
892e9d6c6.png,Scentless Mayweed
76555b064.png,Loose Silky-bent
c75a82234.png,Sugar beet
b7a7f6390.png,Fat Hen
668c1007c.png,Charlock
4ea7493d5.png,Fat Hen
d102e1a15.png,Cleavers
966ae5ad9.png,Loose Silky-bent
cf3a8b2fd.png,Loose Silky-bent
53e6e9000.png,Common wheat
8b9144917.png,Cleavers
953496deb.png,Fat Hen
8455169fe.png,Loose Silky-bent
521b27a17.png,Loose Silky-bent
13b9fa92d.png,Fat Hen
948cdb277.png,Cleavers
afcf6abd5.png,Small-flowered Cranesbill
d6c8c3c48.png,Small-flowered Cranesbill
558aa7deb.png,Loose Silky-bent
752101fdf.png,Small-flowered Cranesbill
67ce3eaa6.png,Small-flowered Cranesbill
f6d250856.png,Cleavers
5bdcfa329.png,Loose Silky-bent
d2f422ccb.png,Cleavers
74068643d.png,Loose Silky-bent
79e5ea8fa.png,Loose Silky-bent
0c51bf229.png,Cleavers
a8c8a1db0.png,Cleavers
177d7e2a4.png,Sugar beet
a7bd7cadb.png,Sugar beet
da231c97f.png,Shepherds Purse
1541bdb2e.png,Maize
e15fce4f2.png,Shepherds Purse
fc3e58836.png,Shepherds Purse
e5368474f.png,Common Chickweed
ef3e232ad.png,Sugar beet
1459e96a0.png,Small-flowered Cranesbill
91e469b4a.png,Small-flowered Cranesbill
0885e7690.png,Scentless Mayweed
4287d810c.png,Scentless Mayweed
835dc5447.png,Small-flowered Cranesbill
c5078bac5.png,Loose Silky-bent
1191ba346.png,Cleavers
0ae6668fa.png,Loose Silky-bent
9d79a1f0c.png,Small-flowered Cranesbill
f25996db8.png,Small-flowered Cranesbill
d7017f701.png,Fat Hen
8c9953903.png,Fat Hen
862b8e7a0.png,Fat Hen
165681fd9.png,Cleavers
785a73ab8.png,Sugar beet
606647f64.png,Common Chickweed
dcd7ff249.png,Fat Hen
0f6cbe5e8.png,Maize
d17f48d3b.png,Shepherds Purse
837ac0270.png,Sugar beet
7beb2766f.png,Cleavers
3a909ead8.png,Small-flowered Cranesbill
a800caead.png,Sugar beet
e783f5a4f.png,Fat Hen
af45e222a.png,Scentless Mayweed
52a87abe5.png,Fat Hen
74d810f87.png,Loose Silky-bent
b03397525.png,Loose Silky-bent
39c8fde99.png,Black-grass
5a38ac566.png,Loose Silky-bent
a74d475c2.png,Fat Hen
1be0713da.png,Cleavers
8e29abce1.png,Common wheat
f2dc546ca.png,Cleavers
a38b8a581.png,Small-flowered Cranesbill
36ed4f215.png,Common Chickweed
19b51843a.png,Common Chickweed
59e1cea8d.png,Cleavers
1694a70e4.png,Sugar beet
8b043093d.png,Small-flowered Cranesbill
00ef713a8.png,Fat Hen
56a01b835.png,Cleavers
d488a4fe1.png,Black-grass
e73e308be.png,Fat Hen
5296835a0.png,Small-flowered Cranesbill
618de3d7a.png,Charlock
41e07778c.png,Cleavers
063363305.png,Small-flowered Cranesbill
d668409ff.png,Common wheat
48231e475.png,Fat Hen
be2499cf4.png,Loose Silky-bent
1b490196c.png,Shepherds Purse
4ac29bbf0.png,Sugar beet
6edb96d45.png,Cleavers
e721c6ac8.png,Loose Silky-bent
bf66b9cd2.png,Maize
f85ed9b6d.png,Scentless Mayweed
60f0bc617.png,Small-flowered Cranesbill
be341dbdc.png,Loose Silky-bent
c7b07431e.png,Sugar beet
04814f36d.png,Shepherds Purse
a254d71f6.png,Black-grass
c0461776c.png,Common Chickweed
599c82eea.png,Common wheat
429211ee6.png,Fat Hen
c64370a72.png,Fat Hen
f4234cf4f.png,Fat Hen
fea1d13d6.png,Small-flowered Cranesbill
1376f3b63.png,Common wheat
e901b0f28.png,Fat Hen
1758a1baf.png,Common Chickweed
e1809cef2.png,Fat Hen
756dd5070.png,Fat Hen
98d819587.png,Cleavers
5b3000b9a.png,Maize
3ebbe9ca4.png,Charlock
4c5ab9b68.png,Cleavers
8e4eaeec0.png,Sugar beet
3eda9cbb6.png,Scentless Mayweed
36839d5e9.png,Cleavers
7e9cf1c46.png,Common Chickweed
03a2ee656.png,Small-flowered Cranesbill
c0bc3997b.png,Scentless Mayweed
a8de7c1b7.png,Loose Silky-bent
33448fe39.png,Black-grass
69d1669f8.png,Charlock
c7051c902.png,Sugar beet
f9f35cbd4.png,Common Chickweed
61b044411.png,Loose Silky-bent
1d0cbd819.png,Loose Silky-bent
7f31c7f42.png,Loose Silky-bent
8916793ce.png,Small-flowered Cranesbill
23e480e64.png,Shepherds Purse
855955aaf.png,Small-flowered Cranesbill
dc4cd56a3.png,Common wheat
686dc7ec8.png,Loose Silky-bent
f1e87cba7.png,Loose Silky-bent
3edf5e9ef.png,Black-grass
67e185673.png,Small-flowered Cranesbill
78c5fba1d.png,Common Chickweed
e9d48d664.png,Shepherds Purse
590f5aea6.png,Charlock
f445fe6fb.png,Charlock
99569b224.png,Black-grass
239bdf640.png,Small-flowered Cranesbill
7691014a1.png,Charlock
8ece6efec.png,Sugar beet
aa7d098d1.png,Common Chickweed
fda39e16f.png,Common wheat
a060c1cf8.png,Maize
8dbb8e1b9.png,Cleavers
9326bda1b.png,Common Chickweed
fb022edf9.png,Fat Hen
60fea2ef6.png,Sugar beet
5af1d74ee.png,Fat Hen
fe29629fb.png,Loose Silky-bent
0c4199daa.png,Fat Hen
eef131644.png,Loose Silky-bent
4f44ca525.png,Fat Hen
1c52ea820.png,Fat Hen
a8388a37f.png,Fat Hen
539961189.png,Fat Hen
9b9911f20.png,Sugar beet
653193c1a.png,Loose Silky-bent
25cf6eb73.png,Maize
809eb0b82.png,Small-flowered Cranesbill
5a6bf96f6.png,Maize
071cb3ece.png,Fat Hen
cb76a7766.png,Fat Hen
39d569be4.png,Loose Silky-bent
efe19dc32.png,Small-flowered Cranesbill
fef2ade8c.png,Sugar beet
a276c65f7.png,Loose Silky-bent
dabea05f4.png,Black-grass
cd6adba97.png,Small-flowered Cranesbill
241e6935a.png,Fat Hen
a85fc8c9a.png,Small-flowered Cranesbill
19618ad6a.png,Fat Hen
93079d970.png,Fat Hen
456d507c0.png,Small-flowered Cranesbill
7615e52d3.png,Cleavers
cc74feadc.png,Common wheat
b687160f5.png,Small-flowered Cranesbill
b7192c70f.png,Black-grass
da4ed3a28.png,Charlock
f4caf74f9.png,Charlock
615d2b0a9.png,Fat Hen
ba3ce6b3e.png,Fat Hen
80e299ae9.png,Charlock
20ea96bcc.png,Fat Hen
007b3da8b.png,Sugar beet
592cc5b89.png,Common wheat
fd253a74e.png,Small-flowered Cranesbill
c2de6020a.png,Small-flowered Cranesbill
b39c71707.png,Maize
550a8b7e6.png,Cleavers
48ef6a2ff.png,Loose Silky-bent
406162ef9.png,Charlock
4b032563b.png,Common Chickweed
8bc0261c9.png,Loose Silky-bent
122913909.png,Maize
71e73a8a0.png,Fat Hen
c63da993b.png,Sugar beet
223e4af09.png,Cleavers
9df3275da.png,Small-flowered Cranesbill
c26ccf73c.png,Sugar beet
adb7a032c.png,Loose Silky-bent
8a32d0bfa.png,Cleavers
d41d87796.png,Sugar beet
32a8c8a1d.png,Loose Silky-bent
78750e0ff.png,Charlock
a0f37c726.png,Small-flowered Cranesbill
bf3924a57.png,Cleavers
a169b71e7.png,Small-flowered Cranesbill
d0152bd7c.png,Fat Hen
721b2c47a.png,Fat Hen
ff65bc002.png,Charlock
3281183f9.png,Fat Hen
6b721f68e.png,Loose Silky-bent
d01873fdd.png,Loose Silky-bent
86676d627.png,Sugar beet
486e59179.png,Shepherds Purse
2693e5c65.png,Maize
37714071b.png,Cleavers
115f93ecc.png,Loose Silky-bent
31f3dd81f.png,Loose Silky-bent
0ee4ad224.png,Scentless Mayweed
3f92d8039.png,Common wheat
79fba50db.png,Common Chickweed
fa5fd1384.png,Small-flowered Cranesbill
bb7621cb3.png,Sugar beet
38c054379.png,Shepherds Purse
59f62ad1d.png,Loose Silky-bent
7c85b0265.png,Black-grass
279df95f2.png,Sugar beet
24c94a6ca.png,Sugar beet
8170d33c1.png,Maize
800a8c17e.png,Fat Hen
ef7a5651d.png,Fat Hen
2e86f1085.png,Fat Hen
116b136de.png,Fat Hen
ec08a5d56.png,Small-flowered Cranesbill
fe9e87b78.png,Cleavers
e5297b675.png,Black-grass
1d321253f.png,Fat Hen
9516e56c4.png,Loose Silky-bent
da5255450.png,Fat Hen
9b4800b42.png,Scentless Mayweed
0437393b1.png,Fat Hen
1f5e5554e.png,Small-flowered Cranesbill
88ac6df54.png,Loose Silky-bent
1312065a5.png,Small-flowered Cranesbill
995c7ab1e.png,Fat Hen
8a4d3a1b1.png,Black-grass
523e5505c.png,Sugar beet
df521c0c0.png,Black-grass
73260a4ee.png,Fat Hen
1d56351b2.png,Scentless Mayweed
0d117d910.png,Common Chickweed
71334c634.png,Cleavers
eaf0815e2.png,Small-flowered Cranesbill
90d119d25.png,Fat Hen
01291174f.png,Fat Hen
b215531dd.png,Cleavers
a1e0a6c02.png,Cleavers
37c3108d6.png,Small-flowered Cranesbill
e19673dc9.png,Charlock
c7eb96871.png,Sugar beet
e14afa235.png,Loose Silky-bent
7d4cd07ad.png,Sugar beet
39b740f7e.png,Loose Silky-bent
07e62f903.png,Cleavers
26e7ae885.png,Loose Silky-bent
7f9e9565d.png,Scentless Mayweed
969a851be.png,Scentless Mayweed
a890ac088.png,Charlock
3d38a87bc.png,Loose Silky-bent
3fbf1a417.png,Cleavers
1e095a7e1.png,Small-flowered Cranesbill
a74bf916d.png,Cleavers
ab0f67743.png,Common wheat
6c874918c.png,Common wheat
c069fc3fa.png,Fat Hen
d9c50616e.png,Sugar beet
b828443ff.png,Maize
aad8375e0.png,Shepherds Purse
fea3da57c.png,Sugar beet
acdb75e00.png,Loose Silky-bent
4e18ab737.png,Small-flowered Cranesbill
cadab6616.png,Shepherds Purse
d350a25fa.png,Common Chickweed
ef02b4ee7.png,Sugar beet
085974290.png,Sugar beet
8cf909eb3.png,Charlock
4bcdaa5e2.png,Cleavers
d09275360.png,Sugar beet
29ce426a1.png,Common Chickweed
a3b375b34.png,Black-grass
026716f9b.png,Loose Silky-bent
2bd74d2da.png,Fat Hen
6908fb540.png,Fat Hen
2ff5cb348.png,Fat Hen
3d67c434b.png,Fat Hen
e5881dd33.png,Sugar beet
2d9c798f9.png,Small-flowered Cranesbill
37e545a60.png,Fat Hen
3abb502fb.png,Loose Silky-bent
5f04aed97.png,Small-flowered Cranesbill
87f627bf9.png,Common Chickweed
827279bad.png,Sugar beet
caa2fbd79.png,Common Chickweed
16357b436.png,Loose Silky-bent
5eb9c26a6.png,Loose Silky-bent
65e97117e.png,Common wheat
1d48b7564.png,Loose Silky-bent
de0b79659.png,Fat Hen
8311740de.png,Fat Hen
3827436f3.png,Common Chickweed
2d992d1fb.png,Loose Silky-bent
2f246d688.png,Small-flowered Cranesbill
1364b297a.png,Cleavers
bb64660b7.png,Fat Hen
b5c7fd009.png,Loose Silky-bent
da9ef7858.png,Charlock
34dd57ca9.png,Common wheat
c85ef220d.png,Common Chickweed
172f9b10b.png,Common Chickweed
f3fcfff1b.png,Cleavers
e5e3dccff.png,Loose Silky-bent
aecfaed64.png,Shepherds Purse
c0f5d9ac8.png,Small-flowered Cranesbill
46c14fde2.png,Loose Silky-bent
59358cd44.png,Small-flowered Cranesbill
c88ebfb47.png,Small-flowered Cranesbill
33317fc2a.png,Loose Silky-bent
6049234e6.png,Fat Hen
e0ec5b6a1.png,Sugar beet
e4d5ec761.png,Loose Silky-bent
abc331628.png,Common wheat
089ad62a7.png,Common Chickweed
cb496f36e.png,Loose Silky-bent
e471f1d3a.png,Charlock
ac75d3326.png,Sugar beet
e4a76885b.png,Maize
a85b48a95.png,Fat Hen
e15472085.png,Shepherds Purse
647689543.png,Loose Silky-bent
cc3d2a59a.png,Fat Hen
00c47e980.png,Common Chickweed
1821eb11a.png,Scentless Mayweed
63c07d340.png,Fat Hen
71f5323c5.png,Loose Silky-bent
47b7d8e17.png,Small-flowered Cranesbill
3f64c2c1b.png,Loose Silky-bent
0e8492cb1.png,Scentless Mayweed
8301b0547.png,Charlock
974959ec1.png,Fat Hen
2d5058a59.png,Fat Hen
5b63dcc21.png,Fat Hen
36d62bf36.png,Loose Silky-bent
e1abb4ff9.png,Fat Hen
8ca6140ca.png,Loose Silky-bent
711b46fba.png,Small-flowered Cranesbill
90b595f12.png,Common Chickweed
b9062c1c8.png,Small-flowered Cranesbill
c50335991.png,Fat Hen
5dcad9a53.png,Small-flowered Cranesbill
8ab8a958b.png,Fat Hen
c60e91e07.png,Common wheat
3185294c8.png,Sugar beet
5b3beec58.png,Loose Silky-bent
632156793.png,Cleavers
2a667e099.png,Fat Hen
dce2f6612.png,Common Chickweed
79d93bc96.png,Loose Silky-bent
9c777333d.png,Small-flowered Cranesbill
d515398fd.png,Loose Silky-bent
f9b6bfb00.png,Common Chickweed
fa9f3a8f9.png,Cleavers
7d3045fc3.png,Sugar beet
a2d25b4f3.png,Cleavers
8c98a6e9b.png,Black-grass
c6b76307d.png,Cleavers
b30ab4659.png,Cleavers
98062cd87.png,Shepherds Purse
22fbf13d6.png,Common wheat
97b2f0a10.png,Small-flowered Cranesbill
f66ae4070.png,Maize
1623fb9e1.png,Fat Hen
ce15eee52.png,Charlock
c06e7c748.png,Sugar beet
aee6fa3df.png,Loose Silky-bent
8874bba69.png,Common wheat
c10ccbd82.png,Scentless Mayweed
12625488b.png,Fat Hen
7a38416be.png,Charlock
65d08b894.png,Common Chickweed
ac3193f78.png,Scentless Mayweed
35cf9fa01.png,Shepherds Purse
df11d56a7.png,Sugar beet
f9ea23fb5.png,Fat Hen
d2fd9df40.png,Loose Silky-bent
9c0c5b731.png,Loose Silky-bent
7b52585da.png,Black-grass
65e262a6d.png,Charlock
8b27bfd2b.png,Cleavers
55a852f40.png,Shepherds Purse
54b3afd58.png,Cleavers
7696badea.png,Loose Silky-bent
d563be369.png,Fat Hen
3526b05cc.png,Fat Hen
06d12f6fa.png,Shepherds Purse
d2f0f326e.png,Common wheat
00d090cde.png,Loose Silky-bent
9cce7328c.png,Loose Silky-bent
b98327bf4.png,Scentless Mayweed
24d36c52c.png,Fat Hen
16fd2e01a.png,Small-flowered Cranesbill
ef65533d5.png,Loose Silky-bent
f1f7c833f.png,Charlock
b0acaff4a.png,Common wheat
592473c83.png,Black-grass
c832e4302.png,Fat Hen
a5db42f7d.png,Cleavers
0caeda5df.png,Common wheat
bd72d4d8a.png,Scentless Mayweed
0911d3dee.png,Common Chickweed
6da892be6.png,Small-flowered Cranesbill
d689256be.png,Common Chickweed
8e6ec1ca6.png,Small-flowered Cranesbill
406ecb5c5.png,Charlock
8cf2e3e6c.png,Common Chickweed
55fed435f.png,Cleavers
9d3cb4745.png,Loose Silky-bent
6a41bf95b.png,Scentless Mayweed
8104422bb.png,Common Chickweed
b130a0632.png,Cleavers
17d5e5ac4.png,Common wheat
d3331e071.png,Fat Hen
3f826b318.png,Common Chickweed
cfd8165e9.png,Charlock
824f5d4e5.png,Sugar beet
1f290e016.png,Small-flowered Cranesbill
0c27cf05f.png,Black-grass
5ee9d0a5b.png,Loose Silky-bent
bdde957ec.png,Scentless Mayweed
bb1c84bbc.png,Loose Silky-bent
4b155fb07.png,Maize
4823c3ffa.png,Fat Hen
cfb18d262.png,Fat Hen
74fd477eb.png,Fat Hen
897e5a8de.png,Common wheat
bd789d151.png,Sugar beet
66ab0e8d0.png,Charlock
a2b703e21.png,Small-flowered Cranesbill
22e79540f.png,Cleavers
6be169e41.png,Cleavers
3fbd0fc6a.png,Common Chickweed
3d65168c2.png,Common Chickweed
0d31e6602.png,Small-flowered Cranesbill
c10db7ae2.png,Maize
19e58cc5e.png,Sugar beet
b573b7a56.png,Black-grass
79dafec17.png,Black-grass
534e74d83.png,Scentless Mayweed
e1a0e3202.png,Common wheat
d0cdc768f.png,Common wheat
e96e57a90.png,Cleavers
fbf88b6be.png,Charlock
b3d6fdb80.png,Cleavers
a19c3faca.png,Cleavers
490c4f9c8.png,Fat Hen
b026bf8ca.png,Loose Silky-bent
5e6a237f2.png,Sugar beet
a8b431a3e.png,Fat Hen
7cabd68cc.png,Loose Silky-bent
e7077322d.png,Sugar beet
32c86784b.png,Scentless Mayweed
dd5ec63d9.png,Fat Hen
8d6acbe9b.png,Common Chickweed
19fdf19fb.png,Loose Silky-bent
ffc6f8527.png,Loose Silky-bent
a93f940d6.png,Scentless Mayweed
2ea664465.png,Sugar beet
96ecad7a1.png,Small-flowered Cranesbill
14bb43eee.png,Loose Silky-bent
866be78b0.png,Small-flowered Cranesbill
9baf94467.png,Sugar beet
abf8b0772.png,Sugar beet
5315c2dca.png,Loose Silky-bent
b47691c08.png,Fat Hen
5ca0205f9.png,Charlock
08d591441.png,Common Chickweed
e80a259c5.png,Small-flowered Cranesbill
35a90f8d0.png,Fat Hen
25fa8d109.png,Common wheat
d84d37a61.png,Common Chickweed
3dd52bd2a.png,Small-flowered Cranesbill
beebe5f4e.png,Sugar beet
b944a49ca.png,Loose Silky-bent
963544aa0.png,Loose Silky-bent
728eabae1.png,Charlock
8db450ce3.png,Common Chickweed
1bf9b94a6.png,Fat Hen
1fefb54b7.png,Fat Hen
a2c89c367.png,Charlock
60ee66ddd.png,Cleavers
c1ecff98b.png,Loose Silky-bent
eec1079a1.png,Charlock
4a337a4a9.png,Fat Hen
99036c51d.png,Loose Silky-bent
e921021a8.png,Fat Hen
2b55a2da2.png,Charlock
219fd68d5.png,Shepherds Purse
7fdb7202d.png,Fat Hen
fd925f542.png,Sugar beet
4392d93cf.png,Fat Hen
0a64e3e6c.png,Loose Silky-bent
76dbd1054.png,Sugar beet
52dc7a4d6.png,Fat Hen
afa446484.png,Small-flowered Cranesbill
43ede9de9.png,Charlock
1c680883c.png,Loose Silky-bent
502dff972.png,Cleavers
50de8a115.png,Small-flowered Cranesbill
506347cfe.png,Cleavers
03ef36742.png,Shepherds Purse
1dc7c45df.png,Loose Silky-bent
4049a6ea6.png,Loose Silky-bent
b62dca166.png,Fat Hen
3b73c3b61.png,Sugar beet
8cfd98117.png,Common wheat
cf90fc52d.png,Maize
205df1df3.png,Scentless Mayweed
c74c5b7fc.png,Scentless Mayweed
dabe3e5be.png,Small-flowered Cranesbill
c8f50f0c3.png,Common wheat
8d6991365.png,Common wheat
e478c452c.png,Sugar beet
cae684f8f.png,Charlock
589e643b8.png,Charlock
003d61042.png,Fat Hen
8faadb6a8.png,Fat Hen
da713c465.png,Black-grass
c35efa095.png,Fat Hen
4bbf1f6ea.png,Shepherds Purse
b341d0aab.png,Common Chickweed
b1cd2a91e.png,Cleavers
53ceb4657.png,Common Chickweed
edfdb4aeb.png,Fat Hen
fd87b36ae.png,Loose Silky-bent
fba8fc78a.png,Loose Silky-bent
808cf55c6.png,Scentless Mayweed
f351ce097.png,Loose Silky-bent
3e9f41817.png,Common wheat
24dbc3b21.png,Fat Hen
248436078.png,Cleavers
bb1d1bfd3.png,Small-flowered Cranesbill
6db684fff.png,Shepherds Purse
41f1c3cdb.png,Fat Hen
9fab816f2.png,Fat Hen
6b9d6f8c9.png,Sugar beet
599691cd9.png,Small-flowered Cranesbill
bb20fce02.png,Scentless Mayweed
099b961ec.png,Charlock
0021e90e4.png,Small-flowered Cranesbill
664194d19.png,Small-flowered Cranesbill
6982a9d30.png,Small-flowered Cranesbill
e6f1211a2.png,Sugar beet
dc55449b2.png,Sugar beet
c4ed8ed38.png,Charlock
d89db156f.png,Small-flowered Cranesbill
d6d31dcbe.png,Common wheat
5c3cd7ea2.png,Sugar beet
93d76fd5d.png,Small-flowered Cranesbill
a35fd6fbb.png,Common Chickweed
b2706e2b3.png,Common wheat
56112b92c.png,Small-flowered Cranesbill
d93c7ab6d.png,Loose Silky-bent
675ec1b0b.png,Small-flowered Cranesbill
444473900.png,Fat Hen
65489944f.png,Cleavers
61dd2cdc5.png,Fat Hen
377283a21.png,Maize
cbba27d89.png,Maize
4e69d100a.png,Cleavers
75cb95e91.png,Charlock
25a4c427e.png,Loose Silky-bent
